Variant,BLEU,ROUGE-1,ROUGE-L,Cosine
Reference,100.0,100.0,100.0,100.0
Shuffled,100.0,100.0,100.0,100.0
Noisy 30%,58.53686545271691,80.78703703703704,80.78703703703704,84.124755859375
Noisy 50%,34.799401684290366,58.79629629629629,56.018518518518526,60.151660442352295
Noisy 90%,2.7306830383644067,25.0,20.833333333333336,34.154924750328064
