Variant,BLEU,ROUGE-1,ROUGE-L
Reference,100.0,100.0,100.0
Shuffled,100.0,100.0,100.0
Noisy 30%,40.931031461752596,66.89814814814815,66.89814814814815
Noisy 50%,8.850086635995734,48.148148148148145,46.06481481481482
Noisy 90%,1.4114246693070538,19.90740740740741,15.046296296296296
