Variant,BLEU,ROUGE-1,ROUGE-L
Reference,100.0,100.0,100.0
Shuffled,100.0,100.0,100.0
Noisy 30%,36.54789298620146,68.5185185185185,68.5185185185185
Noisy 50%,9.409387516079077,50.231481481481474,50.231481481481474
Noisy 90%,1.5473298887980729,29.86111111111111,25.23148148148148
